SIGLA,CEP,CIDADE,CNPJ,COD OBRA,ENDEREÇO,FONE,INSCR. ESTAD,KM IDA E VOLTA,L.,Ordens de Serviço,PEDÁGIO IDA E VOLTA,UF
"290 -  - ",,,,,,,,,290,,,
034 - BRAGAN - Bragança Plta.,12.900-301,Bragança Plta.,56.642.960/0037-10,88056,"Av.: José Gomes da Rocha Leal, 2100 – Centro",(011) 4034-0263,225.067.555.116,,34,,,"SP "
202 - IBATE - Ibaté,14.815-000,Ibaté,56.642.960/0204-88,274260,"Av. São João, 1118 – Centro",(016) 3343-5146,341.017.300.118,160,202,IBATÉ (https://www.notion.so/db05ec9904e145eeb68e1a1f57aa48cb?pvs=21),"R$ 32,80","SP "
304 - MORAGU - Morro Agudo,14.640-000,Morro Agudo,56.642.960/308-74,,"Rua Inacio Franco, 1066,  Centro",,467.057.727.114,,304,,,"SP "
169 - CIDOCI - Praia Grande,11.705-000,Praia Grande,56.642.960/0170-02,20670,"Av. Presidente Kennedy, 7358 - Cidade Ocian",(013) 3472-3517,558.221.690.111,500,169,PRAIA GDE OCIAN (https://www.notion.so/0ee78fd550c04341b898ef257a9dbf20?pvs=21),"R$ 122,70","SP "
291 - CAMELI - Campinas,13.060-192,Campinas,56.642.960/0293-53,766111,"Avenida Ruy Rodriguez, 711- Jd Novo Campos Eliseos",(019) 3223-2020,122.612.348.112,,291,,,"SP "
287 - MANGA - Mangaratiba,23.860-000,Mangaratiba,56.642.960/0287-05,684574,"Estrada São João Marcos, 150 - Nova Mangaratiba ",(021)3789-0516,11.932.223,1040,287,MANGARATIBA (https://www.notion.so/cec234335f114c94a5715efa011caaf3?pvs=21),"R$ 170,60",RJ
278 - MOSIAO - Monte Sião,37.580-000,Monte Sião,56.642.960/0279-03,,"Rua Juscelino Kubitschek de Oliveira, 429 – Centro",(035) 3465-2464,525.649.701.2381,,278,,,MG
237 - PENAP - Penápolis,16.300-013,Penápolis,56.642.960/0238-27,471223,"Av. Luiz Osório, 747 – Centro",(018) 3652-5456,521.084.537.111,,237,,,"SP "
133 - SEROP - Seropédica,23.890-000,Seropédica,56.642.960/0136-00,135711,"Av.: Ministro Fernando Costa, 619 - Fazenda Caxias",(021) 2682-1589,77.715.444,,133,,,RJ
285 - BIRMI - Biritiba - Mirim,08.940-000,Biritiba - Mirim,56.642.960/0288-96,777700,"Rua Vinte e Cinco de Março, 100 - Jd. Pamela ",(011)4692-6417,215.040.005.115,,285,,,"SP "
031 - PINDA - Pindamonhangaba,12.400-460,Pindamonhangaba,56.642.960/0033-97,87753,"Av.: Dr. Jorge Tibiriçá, 199 - Centro",(012) 3642-4100,528.031.829.119,,31,,,"SP "
243 - AGUAI - Aguai,13.860-000,Aguai,56.642.960/0244-75,472129,"Rua Major Braga, 560 – Centro",(019) 3652-1663,152.039.878.119,,243,,,"SP "
107 - BMANSA - Barra Mansa,27.330-041,Barra Mansa,56.642.960/0108-49,110909,"Av.: Joaquim Leite, 221 - Centro",(024) 3322-8833,77.188.479,900,107,BARRA MANSA (https://www.notion.so/2099521f31eb4fb981b4c89c374a2c76?pvs=21),"R$ 170,60",RJ
053 - SCRPAR - Sta. Cruz Rio Pardo,18.900-000,Sta. Cruz Rio Pardo,56.642.960/0056-83,118541,"Rua: Conselheiro Dantas, 610 - Centro",(014) 3372-4400,612.027.660.110,,53,,,"SP "
074 - ITATIB - Itatiba,13.250-360,Itatiba,56.642.960/0076-27,129816,"Rua: Campos Salles, 255 - Centro",(011) 4524-4043,382.054.877.119,,74,,,"SP "
259 - BRODOW - Brodowski,14.340-000,Brodowski,56.642.960/0260-95,683467,"Praça Martin Moreira, 16 – Centro",(016) 3664-0834,227.034.992.112,,259,,,"SP "
135 - PASSOS - Passos,37.900-130,Passos,56.642.960/0137-83,130004,"Av.dos Expedicionários, 97 - Centro",(035) 3526-1192,479.649.701.1192,,135,,,MG
064 - SUMARE - Sumaré,13.170-036,Sumaré,56.642.960/0067-36,89464,"Av.: 7 de Setembro, 131 - Centro",(019) 3873-5926,671.082.663.115,180,64,SUMARÉ CT (https://www.notion.so/72122442d5b74b018c59e28920678722?pvs=21),"R$ 38,20","SP "
178 - BARIRI - Bariri,17.250-000,Bariri,56.642.960/0179-32,120199,"Av. XV de Novembro, 944 - Centro",(014) 3662-1757,201.097.506.119,,178,,,"SP "
123 - VICARV - Guarujá,11.450-000,Guarujá,56.642.960/0124-69,87301,"Av.: Thiago Ferreira, 500 - Vicente de Carvalho",(013) 3342-6430,335.194.755.112,510,123,GUARUJA VIC. C (https://www.notion.so/41038d0a40c24c6ca514cb3374316b68?pvs=21),"R$ 139,20","SP "
165 - MGCBRA - Mogi das Cruzes,08.745-000,Mogi das Cruzes,56.642.960/0167-07,20689,"Av. Francisco Ferreira Lopes, 2615 - Vila Jundiaí",(011) 4735-4616,454.333.181.112,462,165,MOGI C. B. CUBAS (https://www.notion.so/ba31912912ce4dc2801b28efb1fdfe6f?pvs=21),"R$ 97,80","SP "
060 - JAGUAR - Jaguariúna,13.910-033,Jaguariúna,56.642.960/0063-02,89305,"Rua: Cândido Bueno, 800 - Centro",(019) 3867-3054,395.020.860.110,,60,,,"SP "
128 - VINHED - Vinhedo,13.280-073,Vinhedo,56.642.960/0130-07,20693,"Rua: Santos Dumont, 240 - Centro",(019) 3826-3939,714.091.923.113,,128,,,"SP "
295 - RUBIP - Ribeirao Preto,14.055-620,Ribeirao Preto,56.642.960/0296-04,770666,"Avenida Dom Pedro I, 911 - Ipiranga",(016) 3966-5551,797.792.784.119,,295,,,"SP "
147 - TABOAO - Taboão da Serra,06.768-000,Taboão da Serra,56.642.960/0149-17,87739,"Rod. Regis Bittencourt, 51 - Centro",(011) 4771-2312,675.149.832.119,380,147,TABOÃO SERRA (https://www.notion.so/da5fb6fa9d8e48f4ab46b831204c986a?pvs=21),"R$ 93,40","SP "
015 - MGCRUZ - Mogi das Cruzes,08.710-150,Mogi das Cruzes,56.642.960/0018-58,118569,"Rua: Dr. Ricardo Vilela, 181 - Centro",(011) 4726-1430,454.069.322.115,,15,,,"SP "
191 - SPEDRO - São Pedro,13.520-000,São Pedro,56.642.960/0192-00,165974,"Rua Veríssimo Prado, 141 – Santa Cruz",(019) 3481-3696,651.024.240.119,,191,,,"SP "
056 - POA - Poá,08.550-100,Poá,56.642.960/0059-26	,88525,"Av.: 9 de Julho, 380 - Centro",(011) 4638-1823,546.035.707.118,460,56,POÁ (https://www.notion.so/ebc039160847435699417dffb661b92b?pvs=21),"R$ 92,60","SP "
154 - MONGAG - Mongaguá,11.730-000,Mongaguá,56.642.960/0151-31,88604,"Av. Dr. Getúlio Vargas, 255 - Centro",(013) 3507-4882,459.085.993.118,600,154,MONGAGUA (https://www.notion.so/d9ae8fae21a34cd08767b71ea5e1b068?pvs=21),"R$ 132,40","SP "
166 - VARGSU - Vargem Gde. do Sul,13.880-000,Vargem Gde. do Sul,56.642.960/0166-18,87799,"Pça. Capitão João Pinto Fontão,11 - Centro",(019) 3641-3607,711.116.289.119,,166,,,"SP "
016 - CAPIV - Capivari,13.360-000,Capivari,56.642.960/0019-39,88043,"Rua: XV de Novembro, 760 - Centro",(019) 3491-2897,253.010.730.116,,16,,,"SP "
211 - MAIRIN - Mairinque,18.120-000,Mairinque,56.642.960/0213-79,252670,"Rua Julio Prestes de Albuquerque, 51 – Centro",(011) 4708-7697,432.036.245.117,,211,,,"SP "
254 - IBIPOR - Ibiporã,86.200-000,Ibiporã,56.642.960/0256-09,731982,"Av. Dom Pedro II, 115 – Centro",(043) 3158-0100,90.765.882-17,,254,,,PR
153 - RPIRES - Ribeirão Pires,09.400-250,Ribeirão Pires,56.642.960/0155-65,88600,"Rua João Domingues de Oliveira, 301 - Centro",(011) 4825-9258,581.136.515.110,,153,,,"SP "
009 - MATRIZ - Salto,13.329-903,Salto,56.642.960/0001-00,,"Rod.:  Eng.° Ermênio de O. Penteado, s/ n.°, km 46 - Joana Leite",(011) 4028-9400,600.003.886.112,,9,,,"SP "
144 - SPSAP - São Paulo,03.988-010,São Paulo,56.642.960/0146-74,89310,"Av. Sapopemba, 8327 - Jd. Adutora",(011) 6702-8884,116.931.589.112,,144,,,"SP "
127 - MOCOCA - Mococa,13.730-020,Mococa,56.642.960/0128-92,109760,"Rua: XV de Novembro, 383 - Centro",(019) 3656-1222,453.129.020.111,,127,,,"SP "
277 - MIGPER - Miguel Pereira,26.900-000,Miguel Pereira,56.642.960/0292-72,713018,"Av. Roberto Silveira, nº 500 - Centro",(024) 2090-4826,12.176.902,1130,277,MIGUEL PEREIRA (https://www.notion.so/025b969eb6484bad9da756ac20861864?pvs=21),"R$ 170,60",RJ
032 - SJRPAR - São José Rio Pardo,13.720-000,São José Rio Pardo,56.642.960/0035-59,123572,"Rua: Marechal Deodoro, 319 - Centro",(019) 3608-3765,646.022.829.116,,32,,,"SP "
294 - TAUBIN - Taubate,12.031-001,Taubate,56.642.960/0298-68,754858,"Avenida Indepedencia, 1130 - Indepedencia",(012) 3681-9040,688.63.223.110,550,294,TAUBATÉ BR (https://www.notion.so/76a4b6c29c2e43b1965c2f2e1b84ac1a?pvs=21),"R$ 122,40","SP "
250 - PIRAJU - Piraju,18.800-000,Piraju,56.642.960/0250-13,499956,"Av. Dr. Domingos Theodoro Gallo, 178 – Centro",(014) 3351-1054,537.049.294.110,,250,,,"SP "
106 - TRESRI - Três Rios,25.802-120,Três Rios,56.642.960/0107-68,110908,"Rua: Duque de Caxias, 625 - Centro",(024) 2252-0375,75.474.245,,106,,,RJ
118 - MAIRIP - Mairiporã,07.600-000,Mairiporã,56.642.960/0119-00,88048,"Rua: Coronel Fagundes, 130 - Centro",(011) 4419-5688,433.092.060.114,,118,,,"SP "
090 - UBERAB - Uberaba,38.010-020,Uberaba,56.642.960/0093-28,94015,"Rua: Artur Machado, 80 - Centro",(034) 3321-7655,701.649.701.0778,,90,,,MG
132 - MESQUI - Mesquita,26.553-090,Mesquita,56.642.960/0134-30,126678,"Rua Mister Wartkins, 60 - Centro",(021) 2607-0943,77.686.690,,132,,,RJ
043 - ATIBAI - Atibaia,12.940-280,Atibaia,56.642.960/0045-20,120652,"Rua: Adolfo André, 185 - Centro",(011) 4411-0371,190.058.236.118,300,43,ATIBAIA CT (https://www.notion.so/25380b8e05f04cf88786500b21c92bee?pvs=21),"R$ 85,60","SP "
077 - ITANHA - Itanhaém,11.740-000,Itanhaém,56.642.960/0081-94,20662,"Av.: Condessa de Vimieiros, 84 - Centro",(013) 3422-6401,369.036.832.110,605,77,ITANHAEM (https://www.notion.so/ceb9a0e53078414982421b82d217d3e2?pvs=21),"R$ 132,40","SP "
185 - DESCAL - Descalvado,13.690-000,Descalvado,56.642.960/0186-61,113505,"Av. Arthur Whitaker, 645 – Centro",(019) 3583-8845,285.099.541.112,200,185,DESCALVADO (https://www.notion.so/6dfb9a730081444c9b4ce3895af82329?pvs=21),"R$ 32,80","SP "
176 - AGUDOS - Agudos,17.120-009,Agudos,56.642.960/0178-51,89224,"Rua 13 de Maio, 543 - Centro",(014) 3262-3560,156.083.659.117,,176,,,"SP "
183 - ITUNOV - Itu,13.308-450,Itu,56.642.960/0185-80,722665,"R: Joaquim Delfino Da Silva, 11 – Jd. Europa",(011) 4019-2980,387.208.933.112,260,183,ITU 183 (https://www.notion.so/22dc2156c09746d9b96435a6cff498d4?pvs=21),"R$ 45,00","SP "
008 - PIRACI - Piracicaba,13.400-060,Piracicaba,56.642.960/0016-96,93993,"Rua: Governador Pedro de Toledo, 500",(019) 3422-6840,535.094.655.114,,8,,,"SP "
058 - SMANOE - São Manuel,18.650-000,São Manuel,56.642.960/0062-21,20684,"Av.: Irmãs Cintra, 400 - Centro",(014) 3841-2849,649.022.476.113,,58,,,"SP "
246 - LINS - Lins,16.400-025,Lins,56.642.960/0247-18,487347,"Rua Sete de Setembro, 161 – Centro",(014) 3523-9874,419.101.376.114,,246,,,"SP "
082 - CLIMPO - Campo Limpo Plta.,13.231-190,Campo Limpo Plta.,56.642.960/0085-18,87294,"Av.: Adherbal da C. Moreira, 644 – Jd. América",(011) 4039-5491,245.023.650.112,,82,,,"SP "
271 - JARINU - Jarinu,13.240-000,Jarinu,56.642.960/0269-23,692585,"Av. Ernesto de Moraes, 77 – Centro"," (011) 4016-1003",400.033.950.119,,271,,,"SP "
065 - VALIN - Valinhos,13.270-130,Valinhos,56.642.960/0068-17,89302,"Rua: 15 de Novembro, 44 - Centro",(019) 3871-2827,708.046.682.110,,65,,,"SP "
197 - EXTREM - Extrema,37.640-000,Extrema,56.642.960/0198-03,200333,"Rua Governador Valadares, 177 – Centro",(035) 3435-3433,525.649.701.1962,,197,,,MG
160 - CACHOP - Cachoeira Paulista,12.630-000,Cachoeira Paulista,56.642.960/0161-03,88539,"Rua Bernardino de Campos, 330 - Centro",(012) 3101-1290,235.080.786.116,690,160,CACHOEIRA PAULISTA (https://www.notion.so/7fa367091e6643a3bcab35acfb5e4d8b?pvs=21),"R$ 148,40","SP "
"307 -  - ",,,,,,,,,307,,,"SP "
017 - AVARE - Avaré,18.700-210,Avaré,56.642.960/0020-72,109762,"Largo São João, 169 – Centro",(014) 3732-1575,194.022.991.111,,17,,,"SP "
247 - SUMMAT - Sumaré,13.180-000,Sumaré,56.642.960/0249-80,450131,"Av. Emílio Bosco, 1101 – Jd. Morumbi (Nova Veneza)",(019) 3864-9262,671.332.614.114,190,247,SUMARÉ BR (https://www.notion.so/1216d36936784b34885f4508342e0fe1?pvs=21),"R$ 38,20","SP "
219 - SUZBEN - Suzano,08.694-520,Suzano,56.642.960/0221-89,280778,"Avenida Francisco Marengo, 2041 - Jd. Dona Benta",(011) 4752-4404,672.271.804.114,,219,,,"SP "
002 - ITU - Itu,13.300-005,Itu,56.642.960/0004-52,20690,"Rua: Floriano Peixoto, 640 - Centro",(011) 4023-1342,387.011.146.110,220,2,ITU CT (https://www.notion.so/ebf7ee97db074d9ba0be7828f2fdb765?pvs=21),"R$ 45,00","SP "
231 - IBITIN - Ibitinga,14.940-000,Ibitinga,56.642.960/0234-01,448807,"Rua Treze de Maio, 789 – Centro",(016) 3341-3754,344.095.301.114,,231,,,"SP "
184 - SOCORO - Socorro,13.960-000,Socorro,56.642.960/0187-42,135723,"Rua 13 de Maio, 11 – Centro",(019) 3895-3188,668.120.025.115,280,184,SOCORRO (https://www.notion.so/8cb3d95595d942e28778df8f86afb9b5?pvs=21),"R$ 58,80","SP "
206 - PITERE - Piracicaba,13.411-083,Piracicaba,56.642.960/0207-20,251109,"Rua Virgilio da Silva Fagundes, 300 – Santa Terezinha",(019) 3425-1954,535.312.129.111,,206,,,"SP "
255 - FRUTAL - Frutal,38.200-000,Frutal,56.642.960/0253-66,513999,"Rua Domiciano Ferreira, 468 – Centro",(034) 3421-4052,525.649.701.2209,660,255,FRUTAL (https://www.notion.so/6197d509c08e4f22938b070925897c44?pvs=21),"R$ 131,60",MG
302 - PARATY - Paraty,23.970-000,Paraty,56.642.960/0301-06,753617,"Avenida Roberto Silveira,1572 - Portao de Ferro I",,12.495.056,,302,,,RJ
014 - LEME - Leme,13.610-139,Leme,56.642.960/0017-77,103278,"Praça Manoel Leme, 244 - Centro",(019) 3571-3813,415.018.492.111,,14,,,"SP "
071 - ALFEN - Alfenas,37.130-000,Alfenas,56.642.960/0075-46,124534,"Rua: Francisco Mariano, 127 - Centro",(035) 3292-2634,016.649.701.0449,560,71,ALFENAS (https://www.notion.so/854317ba11574650813830f41648d64f?pvs=21),"R$ 81,20",MG
217 - GUAIRA - Guaira,14.790-000,Guaira,56.642.960/0219-64,392554,"Avenida 11, 392 – Centro",(017) 3331-7033,322.042.056.111,,217,,,"SP "
269 - BIRIGI - Birigui,16.200-053,Birigui,56.642.960/0271-48,577527,"Rua Bento da Cruz, 432 – Centro"," (018) 3634-8119",214.255.898.117,740,269,BIRIGUI (https://www.notion.so/20dce482a06546df8e51988f04e70870?pvs=21),"R$ 150,60","SP "
303 - GUAPES - Guararapes,16.700-00,Guararapes,56.642.960/0306-02,786896,"Av. Marechal Floriano, 748 - Centro",,330.094.177.112,,303,,,"SP "
264 - CRAVIN - Cravinhos,14.140-000,Cravinhos,56.642.960/0267-61,636076,"Rua XV de Novembro, 112 – Centro"," (016) 3951-3624",279.049.021.114,,264,,,"SP "
084 - NOVAOD - Nova Odessa,13.380-017,Nova Odessa,56.642.960/0087-80,123598,"Av.: João Pessoa, 139 - Centro",(019) 3466-6114,482.027.106.115,,84,,,"SP "
113 - RIOBON - Rio Bonito,28.800-000,Rio Bonito,56.642.960/0114-97,135669,"Rua: XV de Novembro, 27 - Centro",(021) 2734-5356,77.277.706,,113,,,RJ
151 - PFERRE - Porto Ferreira,13.660-000,Porto Ferreira,56.642.960/0154-84,89296,"Praça Cornélio Procópio, 21 - Centro",(019) 3589-2100,555.115.737.118,,151,,,"SP "
222 - CARAIN - Caraguatatuba,11.665-600,Caraguatatuba,56.642.960/0224-21,331757,"Av. Rio Branco, 1615 – Indaia",(012) 3887-1518,254.153.614.111,,222,,,"SP "
067 - ITARAR - Itararé,18.460-000,Itararé,56.642.960/0069-06,133650,"Rua: São Pedro, 1150 - Centro",(015) 3532-4705,380.033.906.110,,67,,,"SP "
148 - SPVCAR - São Paulo,03.403-002,São Paulo,56.642.960/0150-50,88026,"Av. Conselheiro Carrão, 2100 - Vila Carrão",(011) 6191-8828,117.047.761.116,390,148,VILA CARRÃO (https://www.notion.so/7d1de3542c2b4338a4e8f1b4ff360263?pvs=21),"R$ 87,70","SP "
042 - MGGUAC - Mogi Guaçu,13.840-027,Mogi Guaçu,56.642.960/0046-01,89221,"Rua: Sgto. Aviador Osvaldo Fernandes, 147 – Centro",(019) 3861-0432,455.057.968.117,172,42,MOGI GUAÇU CT (https://www.notion.so/227a2bb9a5ee41ab938c82fb49a3d594?pvs=21),"R$ 39,00","SP "
215 - COTCAU - Cotia,06.725-105,Cotia,56.642.960/0217-00,166502,"Av. Inocêncio Pires de Oliveira, 176 – Centro (C. do Alto)",(011) 4611-4104,278.204.548.112,,215,,,"SP "
230 - ANGMAM - Angra dos Reis,"23.954-095 ",Angra dos Reis,56.642.960/0232-31,363309,"Rua Pres. Getulio Vargas, 1374 – Parque Mambucaba ",(024) 3362-4623,87.023.494,1050,230,ANGRA REIS BR (https://www.notion.so/6a48030bfc65494494f39653da44a302?pvs=21),"R$ 170,60",RJ
225 - RESEAL - Resende,27.521-760,Resende,56.642.960/0228-55,378558,"Rua José Zolvino Coutinho, 157 – Nova Resende",(024) 3355-0502,86.896.176,,225,,,RJ
021 - SAMARO - São Paulo,04.745-001,São Paulo,56.642.960/0023-15,118542,"Alameda Santo Amaro, 370 Sto. Amaro",(011) 5541-8168,111.385.930.116,,21,,,"SP "
150 - SPTUVI - São Paulo,02.304-000,São Paulo,56.642.960/0153-01,118709,"Av. Tucuruvi, 330 - Tucuruvi",(011) 6261-5961,117.121.711.119,380,150,TUCURUVI (https://www.notion.so/16e12400f546450299266cc00ab37a4b?pvs=21),"R$ 87,40","SP "
027 - SANTOS - Santos,11.013-001,Santos,56.642.960/0030-44,135705,"Rua: João Pessoa, 185 - Centro",(013) 3224-9100,633.245.940.119,,27,,,"SP "
146 - CAJAMA - Cajamar,07.776-450,Cajamar,56.642.960/0148-36,94017,"Av. Vereador Joaquim Pereira Barbosa, 210 – Jordanésia",(011) 4447-2784,241.082.156.118,,146,,,"SP "
279 - VASSOU - Vassouras,27.700-000,Vassouras,56.642.960/0280-39,653840,"Rua Academica Eliete Nunes Barbosa, 27 – Centro",,11.700.527,1030,279,VASSOURAS (https://www.notion.so/353be1cb266f4dec83262d71da66878a?pvs=21),"R$ 183,60",RJ
274 - GARCA - Garça,17.400-000,Garça,56.642.960/0275-71,661134,"Rua Sargento Wilson Abel de Oliveira, 200 – Ferraropolis",(014) 3471-2678,315.073.084.111,,274,,,"SP "
232 - ENGECO - Engenheiro Coelho,13.165-000,Engenheiro Coelho,56.642.960/0233-12,359049,"Rua Amadeu Jorge Teresani, 98 – Jd. Amalia",(019) 3857-2031,745.014.638.115,110,232,ENGENHEIRO COELHO (https://www.notion.so/77af979d804f451b87cc769a7afb8bb6?pvs=21),"R$ 39,00","SP "
057 - ITAPVI - Itapevi,06.653-005,Itapevi,56.642.960/0060-60,88602,"Av.: Rubens Caramez, 411 - Centro",(011) 4141-4620,373.030.161.111,,57,,,"SP "
182 - TREMBE - Tremembé,12.120-000,Tremembé,56.642.960/0184-08,93988,"R: 7 de Setembro, 521 centro",(012) 3674-1383,695.078.364.113,,182,,,"SP "
055 - FEVASC - Ferraz Vasconcelos,08.500-020,Ferraz Vasconcelos,56.642.960/0057-64,122365,"Av.: Brasil, 1300 - Centro",(011) 4674-0779,305.034.253.110,,55,,,"SP "
001 - INDAIA - Indaiatuba,13.330-180,Indaiatuba,56.642.960/0003-71,88530,"Rua: Candelária, 677 - Centro",(019) 3834-4411,353.002.126.119,,1,,,"SP "
163 - PEDERN - Pederneiras,17.280-000,Pederneiras,56.642.960/0163-75,89298,"Rua Nove de Julho, 125 - Centro",(014) 3284-5324,515.084.185.110,302,163,PEDERNEIRAS (https://www.notion.so/46e2fb975e2748c1af3c926e27236e2d?pvs=21),"R$ 83,60","SP "
189 - ARCOS - Arcos,35.588-000,Arcos,56.642.960/0190-48,133581,"Rua Jarbas Ferreira Pires, 423 – Centro",(037) 3351-4830,525.649.701.1628,,189,,,MG
011 - LIMEIR - Limeira,13.480-050,Limeira,56.642.960/0013-43,103267,"Rua: Alferes Franco, 338 - Centro",(019) 3441-0126,417.053.124.116,60,11,LIMEIRA CT (https://www.notion.so/ea55401502734d6e865f04abf7b92231?pvs=21),"R$ 16,40","SP "
280 - ILHABE - ILHABELA,11.630-000,ILHABELA,56.642.960/0281-10,777702,"AV. Princesa Isabel, 1449 - Perequê",(012)3896-5731,352.060.327.115,,280,,,"SP "
155 - CERQUI - Cerquilho,18.520-000,Cerquilho,56.642.960/0156-46,89306,"Rua da Paineira, 15 - Centro",(015) 3284-2902,265.092.764.115,210,155,"CERQUILHO (https://www.notion.so/80cacf450c9041dcaf91b28cdaa9f622?pvs=21), CERQUILHO (https://www.notion.so/ea349b2eb81649d9b6638a5b33e1569b?pvs=21)","R$ 41,40","SP "
252 - BANDEI - Bandeirantes,86.360-000,Bandeirantes,56.642.960/0254-47,731985,"Av. Bandeirantes, 1012 – Centro",(043) 3145-4343,90.763.685-27,,252,,,PR
190 - MACHAD - Machado,37.750-000,Machado,56.642.960/0191-29,135653,"Av. Barão do Rio Branco, 140 – Centro",(035) 3295-8408,525.649.701.1709,,190,,,MG
210 - BOAESP - Boa Esperança,37.170-000,Boa Esperança,56.642.960/0211-07,259791,"Rua 02 de Novembro, 95 – Centro",(035) 3851-3223,525.649.701.2128,,210,,,MG
195 - SCPALM - Sta Cruz Palmeiras,13.650-000,Sta Cruz Palmeiras,56.642.960/0195-52,129170,"Rua XV de Novembro, 448 – Centro"," (018) 3362-1936",611.017.563.110,,195,,,"SP "
233 - SCAPRA - São Carlos,13.574-040,São Carlos,56.642.960/0235-84,342546,"Av. Sallum, 787 – Vila Prado",(016) 3501-1104,637.370.980.111,,233,,,"SP "
104 - COLOMB - Colombo,83.408-000,Colombo,56.642.960/0104-15,274262,"Estr.: Da Ribeira, 137 - Centro",(041) 3663-5737,90.229.683.24,,104,,,PR
098 - QUEIMA - Queimados,26.325-282,Queimados,56.642.960/0102-53,124945,"Rua: Ver. Marinho H. Oliveira, 100 - Centro",(021) 2665-2278,86.393.573,,98,,,RJ
062 - ITAPRA - Itapira,13.970-160,Itapira,56.642.960/0065-74,87807,"Rua: Comendador João Cintra, 370 - Centro",(019) 3863-2139,374.039.074.118,,62,,,"SP "
198 - SOREDE - Sorocaba,18.103-000,Sorocaba,56.642.960/0200-54,196809,"Avenida Independência, 4970 – Éden",(015) 3225-3394,669.695.226.112,310,198,SOROCABA EDEM (https://www.notion.so/34beda24c53b429f8a0de1b379d97e5a?pvs=21),"R$ 53,60","SP "
258 - ARACAR - Araçariguama,18.147-000,Araçariguama,56.642.960/0258-70,518012,"Av. Nicolau Ferreira de Souza, 40 – Centro",(011) 4136-4221,734.022.927.117,310,258,ARAÇARIGUAMA (https://www.notion.so/456a578eb78d49638ff01b98e76ba823?pvs=21),"R$ 60,20","SP "
048 - JABOT - Jaboticabal,14.870-300,Jaboticabal,56.642.960/0051-79,133654,"Rua: Rui Barbosa, 700 - Centro",(016) 3202-0438,391.035.835.118,350,48,JABOTICABAL (https://www.notion.so/694966c2202b4162843e4f8f374104c3?pvs=21),"R$ 72,60","SP "
179 - CAMBUÍ - Cambuí,37.600-000,Cambuí,56.642.960/0182-38,133623,"Av. Do Carmo, 541 - Centro",(035) 3431-3260,525.649.701.1547,470,179,CAMBUI (https://www.notion.so/1da3f011ac63440bb18aba11dbf80765?pvs=21),"R$ 97,20",MG
101 - NILOP - Nilópolis,26.520-335,Nilópolis,56.642.960/0006-14,135657,"Estr.: Mirandela, 280 - Centro",(021) 2792-1649,76.192.545,,101,,,RJ
039 - SCARLO - São Carlos,13.560-010,São Carlos,56.642.960/0042-88,87759,"Av.: São Carlos, 1047 - Centro",(016) 3372-7213,637.091.830.110,,39,,,"SP "
038 - VOTOR - Votorantim,18.110-005,Votorantim,56.642.960/0041-05,20696,"Av.: 31 de Março, 588 - Centro",(015) 3243-1258,717.025.220.116,,38,,,"SP "
126 - ANGRAR - Angra dos Reis,23.900-000,Angra dos Reis,56.642.960/0129-73,133577,"Av.: Raul Pompéia, 100 - Centro",(024) 3365-7007,77.598.510,1030,126,ANGRA REIS CT (https://www.notion.so/f83e6ace236b4360b9d28a429b8d21c9?pvs=21),"R$ 170,60",RJ
073 - CARAGA - Caraguatatuba,11.660-020,Caraguatatuba,56.642.960/0077-08,87299,"Rua: Altino Arantes, 630 - Centro",(012) 3882-6007,254.049.756.115,,73,,,"SP "
091 - RESEND - Resende,27.542-210,Resende,56.642.960/0094-09,103483,"Rua: Nilo Peçanha, 60 - Centro",(024) 3354-4214,86.316.838,830,91,RESENDE CT (https://www.notion.so/03342d64660a474cad38c141af3221fa?pvs=21),"R$ 170,60",RJ
267 - CORNEP - Cornélio Procópio,86.300-000,Cornélio Procópio,56.642.960/0268-42,665075,"Av. XV de Novembro, 633 – Centro",(043) 3132-0100,90.799.214-48,,267,,,PR
083 - LAVRAS - Lavras,37.200-000,Lavras,56.642.960/0086-07,124536,"Rua: Dr. Francisco Sales, 520 - Centro",(035) 3821-5504,382.649.701.0570,,83,,,MG
262 - ASSIS - Assis,18.800-002,Assis,56.642.960.0297-87,787581,"Avenida Rui Barbosa, 525 - Centro",,189.292.318.119,,262,,,"SP "
054 - REGISTR - Registro,11.900-000,Registro,56.642.960/0058-45,87757,"Av.: Pref. Jonas B. Leite, 685 - Centro",(013) 3821-1149,574.026.842.110,,54,REGISTRO (https://www.notion.so/60f4a08b04d0494d92fee20f6da2766e?pvs=21),,"SP "
236 - ARACSE - Araçoiaba da Serra,18.190-000,Araçoiaba da Serra,56.642.960/0239-08,407913,"Rua Professor Toledo, 22 – Centro",(015) 3281-5227,178.027.343.118,,236,,,"SP "
076 - SJCSAT - São José dos Campos,12.230-000,São José dos Campos,56.642.960/0079-70,87744,"Av.: Andrômeda, 1265 - Jd. Satélite",(012) 3931-0446,645.264.410.116,,76,,,"SP "
005 - SOROC - Sorocaba,18.035-011,Sorocaba,56.642.960/0008-86,88535,"Rua Padre Luiz ,345 - Centro",(015) 3231-7362,669.094.835.110,,5,,,"SP "
240 - CONCHA - Conchal,13.835-000,Conchal,56.642.960/0242-03,436108,"Rua Antonio Bueno de Moraes, 384 – Vila Aparecida",(019) 3866-2509,270.028.927.112,,240,,,"SP "
068 - TCORAÇ - Três Corações,37.410-000,Três Corações,56.642.960/0072-01,88543,"Av.: Pres. Getúlio Vargas, 380 - Centro",(035) 3235-1000,693.649.701.0367,,68,,,MG
045 - ITAPVA - Itapeva,18.400-818,Itapeva,56.642.960/0048-73,104268,"Av.: Dona Paulina de Morais, 225 – Vila Ophélia",(015) 3522-2747,372.045.350.114,,45,,,"SP "
069 - CRUZEI - Cruzeiro,12.701-330,Cruzeiro,56.642.960/0071-12,122366,"Av.: Major Novaes, 350 - Centro",(012) 3144-0021,282.052.508.119,720,69,CRUZEIRO (https://www.notion.so/c7706777eae944cfad25cfb66b14e855?pvs=21),"R$ 148,40","SP "
261 - PARAGP - Paraguaçu Paulista,19.700-000,Paraguaçu Paulista,56.642.960/0262-57,695827,"Rua Sete de Setembro, 707 – Centro"," (018) 3362-1936",503.073.607.114,,261,,,"SP "
260 - PIRALV - Piracicaba,13.425-380,Piracicaba,56.642.960/0261-76,578193,"Av. Rio das Pedras, 2401 – Piracicamirim",(019) 3411-5193,535.700.704.110,,260,,,"SP "
004 - ITAPET - Itapetininga,18.200-005,Itapetininga,56.642.960/0007-03,120333,"Rua: Campos Salles, 700 - Centro",(015) 3272-4362,371.025.300.118,,4,,,"SP "
066 - COSMOP - Cosmópolis,13.150-013,Cosmópolis,56.642.960/0070-31,88603,"Rua: 7 de Setembro, 150 - Centro",(019) 3872-1479,276.024.677.118,120,66,COSMÓPOLIS (https://www.notion.so/d1c399015f964b8e908f1132724fdc33?pvs=21),"R$ 16,40","SP "
149 - MARILA - Marília,17.500-002,Marília,56.642.960/0127-01,128570,"Rua São Luiz, 943 - Centro",(014) 3422-2592,438.225.077.114,570,149,MARILIA CT (https://www.notion.so/549574b261984000b730fd13185dae63?pvs=21),"R$ 127,00","SP "
137 - SPTREM - São Paulo,02.315-060,São Paulo,56.642.960/0139-45,135730,"R. Coronel Valfredo de Campos, 10 - Vila Mazzei",(011) 2204-7904,116.838.765.116,,137,,,"SP "
117 - ANDRAS - Andradas,37.795-000,Andradas,56.642.960/0122-05,103476,"Rua: Cel. Oliveira, 181 - Centro",(035) 3731-2733,026.649.701.0919,,117,,,MG
220 - BJPERD - B. Jesus dos Perdões,12.955-000,B. Jesus dos Perdões,56.642.960/0222-60,335702,"Avenida Santos Dumont, 615 – Centro",(011) 4012-4611,220.018.867.119,,220,,,"SP "
036 - BOTUC - Botucatu,18.600-240,Botucatu,56.642.960/0039-82,87760,"Av.: Floriano Peixoto, 585 - Centro",(014) 3882-3589,224.044.997.110,,36,,,"SP "
212 - ITAPOL - Itápolis,14.900-000,Itápolis,56.642.960/0214-50,284633,"Rua Barão do Rio Branco, 677 – Centro",(016) 3262-7330,375.046.135.116,,212,,,"SP "
131 - PIEDAD - Piedade,18.170-000,Piedade,56.642.960/0133-50,127112,"Rua: Araújo Leite, 115 - Centro",(015) 3344-2980,526.081.990.111,,131,,,"SP "
292 - MAIRITP - Maripora,07.661-435,Maripora,56.642.960/0294-34,728247,"Avenida Pietro Petri, 479 - Terra Preta",(011) 4486-1820,433.159.509.110,,292,,,"SP "
096 - UBATUB - Ubatuba,11.680-000,Ubatuba,56.642.960/0099-13,87297,"Rua: Hans Staden, 497 - Centro",(012) 3833-1505,701.103.351.113,,96,,,"SP "
072 - ESPIN - Esp. Sto. Pinhal,13.990-000,Esp. Sto. Pinhal,56.642.960/0074-65,103472,"Praça da Independência, 408 - Centro",(019) 3651-1664,530.029.907.110,,72,,,"SP "
200 - SALMAR - Salto,13.327-300,Salto,56.642.960/0201-35,87302,"Av. José Maria Marques de Oliveira, 759 – Vila Norma",(011) 4021-5261,600.070.608.114,230,200,SALTO BR (https://www.notion.so/d41c8538457c4ae295e797f9d1f2e74c?pvs=21),"R$ 45,00","SP "
099 - NIGUAÇ - Nova Iguaçu,26.210-030,Nova Iguaçu,56.642.960/0011-81,135656,"Trav.: Rosinda Martins, 16 - Centro",(021) 2668-3340,77.100.709,,99,,,RJ
223 - MGGALM - Mogi Guaçu,13.847-040,Mogi Guaçu,56.642.960/0225-02,329492,"Av. dos Trabalhadores, 3.550 – Jardim Almira",(019) 3861-1871,455.140.155.114,,223,,,"SP "
059 - ITAPSE - Itapecerica Serra,06.850-001,Itapecerica Serra,56.642.960/0061-40,20681,"Rua: Major Telles, 122 - Centro",(011) 4666-6755,370.046.191.113,,59,,,"SP "
275 - HOLAMB - Holambra,13.825-000,Holambra,56.642.960/0276-52,746985,"Rua Rota dos Imigrantes, 249 – Centro",(019) 3802-1178,747.022.674.111,140,275,HOLAMBRA (https://www.notion.so/2033df85ea4649fb85189c20ac265a46?pvs=21),"R$ 55,80","SP "
221 - BROTAS - Brotas,17.380-000,Brotas,56.642.960/0223-40,278106,"Av. Rodolpho Guimarães, 244 – Centro",(014) 3653-8684,228.023.790.110,,221,,,"SP "
049 - COTIA - Cotia,06.717-210,Cotia,56.642.960/0052-50,133610,"Av.: N. Senhora de Fátima, 100 – Vila Monte Serrat",(011) 4616-9638,278.051.360.112,400,49,COTIA CT (https://www.notion.so/025b15fcf0a146f98388885c18c43b08?pvs=21),"R$ 93,40","SP "
078 - HORTO - Hortolândia,13.184-260,Hortolândia,56.642.960/0083-56,20687,"Rua: Luiz Camilo de Camargo, 475 - Centro",(019) 3897-5756,748.024.402.113,,78,,,"SP "
241 - ABRASI - Américo Brasiliense,14.820-000,Américo Brasiliense,56.642.960/0243-94,430517,"Av. Joaquim Afonso da Costa, 89 – Bela Vista",(016) 3396-8916,166.033.200.115,,241,,,"SP "
296 - Porto Real - Porto Real,27.570-000,Porto Real,56.642.960/0300-17,794052,"Avenida Dom Pedro II, 1182 - Centro",,12.495.048,,296,,,RJ
063 - ITAQUA - Itaquaquecetuba,08.570-002,Itaquaquecetuba,56.642.960/0066-55,133647,"Av.: Emancipação, 75 - Centro",(011) 4640-3403,379.053.526.111,,63,,,"SP "
235 - JBONIF - José Bonifácio,15.200-000,José Bonifácio,56.642.960/0237-46,465200,"Praça Marechal Deodoro Fonseca, 187 – Centro",(017) 3245-5203,405.047.170.112,570,235,JOSÉ BONIFACIO (https://www.notion.so/055238e7e9824e05a605469646ab2e28?pvs=21),"R$ 149,80","SP "
024 - SJCAMP - São José dos Campos,12.210-090,São José dos Campos,56.642.960/0028-20,88532,"Praça Afonso Pena, 131 - Centro",(012) 3922-5822,645.107.830.114,,24,,,"SP "
037 - VARGIN - Varginha,37.002-080,Varginha,56.642.960/0040-16,88039,"Rua: Wenceslau Braz, 129 - Centro",(035) 3222-9222,707.649.701.0220,650,37,VARGINHA (https://www.notion.so/db1858c2e9b54d4f98d7c83f5af9fdc2?pvs=21),"R$ 101,40",MG
265 - LONDSA - Londrina,86.084-000,Londrina,56.642.960/0263-38,513696,"Av. Saul Elkind, 1650 – Jardim Santa Cruz",(043) 3356-1122,90.794.879-00,,265,,,PR
119 - ITABOR - Itaboraí,24.800-000,Itaboraí,56.642.960/0120-35,103479,"Av.: 22 de Maio, 5381 - Centro",(021) 2635-3320,77.374.795,,119,,,RJ
227 - DOISCO - Dois Córregos,17.300-000,Dois Córregos,56.642.960/0229-36,402953,"Praça Arthur de Carvalho, 189 – Centro",(014) 3652-1757,289.029.431.118,,227,,,"SP "
103 - ITAGUA - Itaguaí,23.815-290,Itaguaí,56.642.960/0105-04,103270,"Rua: Dr. Curvelo CavalcantI, 500 - Centro",(021)  2688-9000,76.208.751,,103,,,RJ
029 - CAÇAP - Caçapava,12.281-010,Caçapava,56.642.960/0032-06,20685,"Av.: Cel. M. Inocêncio, 457 - Centro",(012) 3653-1826,234.021.340.118,,29,,,"SP "
172 - LARANP - Laranjal Paulista,18.500-000,Laranjal Paulista,56.642.960/0171-85,129815,"Rua Dr. Oscar Vieira Sampaio, 123 - Centro",(015) 3283-2809,412.085.862.114,,172,,,"SP "
216 - SGERT - Santa Gertrudes,13.510-000,Santa Gertrudes,56.642.960/0218-83,359052,"Avenida 01, 400 – Centro",(019) 3545-2872,615.016.000.114,,216,,,"SP "
300 - SJRPMI - São Jose do Rio Preto,15.043-501,São Jose do Rio Preto,56.642.960/0304-40,790190,"Av. Mirassolandia,1717 - Solo Sagrado  - Mini Dist.Ind",,124.391.942.119,550,300,SÃO JOSE RIO PRETO BR (https://www.notion.so/d55a9cffd6f34008a6339587eae7137d?pvs=21),"R$ 131,00","SP "
282 - BASSIT - Bady Bassit,15.115-000,Bady Bassit,56.642.960/0284-62,695828,"Praça Rio Preto, 160 - Centro",(017)3258-2858,195.037.938.118,,282,,,"SP "
177 - GUARIB - Guariba,14.840-000,Guariba,56.642.960/0177-70,128561,"Rua Sampaio Vidal, 445 - Centro",(016) 3251-2221,334.078.120.111,,177,,,"SP "
253 - OLIMPI - Olímpia,15.400-000,Olímpia,56.642.960/0255-28,518948,"Rua Nove de Julho, 1019 – Centro",(017) 3280-4520,487.076.790.112,,253,,,"SP "
196 - LAGPRA - Lagoa da Prata,35.590-000,Lagoa da Prata,56.642.960/0197-14,260027,"Av. Benedito Valadares, 897 – Centro",(037) 3261-1670,525.649.701.1881,920,196,LAGOA PRATA (https://www.notion.so/333fa203deeb406699b74a4e37aff0f1?pvs=21),"R$ 73,00",MG
194 - TAQTUB - Taquarituba,18.740-000,Taquarituba,56.642.960/0196-33,210996,"Rua Dr. Ataliba Leonel, 708 – Centro",(014) 3762-3669,685.018.011.118,504,194,TAQUARITUBA (https://www.notion.so/6e47e56e6dfe42bcbb7298b3b311993f?pvs=21),"R$ 63,20","SP "
245 - JUNDVA - Jundiaí,13.201-001,Jundiaí,56.642.960/0212-98,461804,"Rua Vigário João José Rodrigues, 43 – Centro",(011) 4526-3248,407.329.386.110,250,245,JUNDIAI 245 (https://www.notion.so/b925fedbd69047bda1c5479a8c765690?pvs=21),"R$ 62,60","SP "
"308 -  - ",,,,,,,,,308,,,"SP "
114 - VHAUER - Curitiba,81.610-000,Curitiba,56.642.960/0115-78,210343,"Av.: Mal. Floriano Peixoto, 6126 - Vila Hauer",(041) 3376-5040,90.251.818.56,,114,,,PR
248 - AMEZAN - Americana,13.474-470,Americana,56.642.960/0248-07,522427,"Av. Cecília Meirelles, 170 – Jd. Nossa Sra. Aparecida",(019) 3469-4072,165.414.501.110,,248,,,"SP "
305 - OSVCRU - Osvaldo Cruz,17.700-000,Osvaldo Cruz,56.642.960/0307-93,786895,Av. Presideente Roosevelt n º 657 - Centro,,494.102.516.113,860,305,OSVALDO CRUZ (https://www.notion.so/c1a21b14a4aa4d099b02703cdabb75d7?pvs=21),"R$ 167,80","SP "
180 - ITUJOA - Itu,13.300-025,Itu,56.642.960/0181-57,264385,"Rua Joaquim Bernardes Borges,824 - Centro",(011) 4024-1764,387.203.295.117,240,180,ITU 180 (https://www.notion.so/dbd29344228343fab1d34b339bff00d5?pvs=21),"R$ 45,00","SP "
288 - CAMGER - Campinas,13.084-105,Campinas,56.642.960/0290-00,,"Rua Horacio Leonardi,134 - Barao Geraldo",(019) 3249-0004,122.548.603.114,,288,Modelo Geral (https://www.notion.so/9f08a604283e4186b3bdeb6611e28480?pvs=21),,"SP "
125 - SVICEN - São Vicente,11.310-061,São Vicente,56.642.960/0126-20,135709,"Rua: Frei Gaspar, 655 - Centro",(013) 3466-7872,657.222.249.110,500,125,SÃO VICENTE CT (https://www.notion.so/8eaf1f8c876a46b68f76ac58d874b600?pvs=21),"R$ 122,70","SP "
188 - EMBUG - Embu Guaçu,06.900-000,Embu Guaçu,56.642.960/0188-23,133642,"Rua Boa Vista, 180 – Centro",(011) 4661-4193,299.000.490.111,,188,,,"SP "
208 - POUSOL - Pouso Alegre,37.550-000,Pouso Alegre,56.642.960/0210-26,221931,"Rua Prefeito Olavo Gomes de Oliveira, 1991 – Jd. Olimpico",(035) 3422-3117,525.649.701.2047,,208,,,MG
033 - POUSOA - Pouso Alegre,37.550-000,Pouso Alegre,56.642.960/0036-30,130527,"Praça Dr. Garcia Coutinho, 43 - Centro",(035) 3422-1122,525.649.701.0060,,33,,,MG
141 - SPPERU - São Paulo,05.204-000,São Paulo,56.642.960/0144-02,88051,"Av. Dr. Sylvio de Campos, 380 - Vila Perus",(011) 3919-3569,116.915.022.113,,141,,,"SP "
129 - PCALDA - Poços de Caldas,37.701-000,Poços de Caldas,56.642.960/0131-98,130008,"Rua: Assis Figueiredo, 977 - Centro",(035) 3713-8031,518.649.701.1042,370,129,POÇOS DE CALDAS (https://www.notion.so/20cc9fc3742541538f1b8bddcd498da1?pvs=21),"R$ 81,20",MG
161 - CASABR - Casa Branca,13.700-000,Casa Branca,56.642.960/0162-94,20697,"Rua Cel. José Júlio, 700 - Centro",(019) 3671-6068,257.096.755.116,,161,,,"SP "
257 - SAPLAT - S. Antônio da Platina,86.430-000,S. Antônio da Platina,56.642.960/0259-51,641009,"Rua Ruy Barbosa, 975 – Centro",(043) 3141-6000,90.779.672-89,,257,,,PR
276 - SJCSAN - São José dos Campos,12.212-000,São José dos Campos,56.642.960/0277-33,641798,"Av. Rui Barbosa, 2479 – Santana",(012) 3922-6234,125.049.732.112,,276,,,"SP "
168 - BOITUV - Boituva,18.550-000,Boituva,56.642.960/0168-80,133607,"Rua Cel. Eugênio Motta,  457 - Centro",(015) 3268-2866,219.096.627.115,250,168,BOITUVA (https://www.notion.so/4bfab5da65d74489a914a9b4da49db71?pvs=21),"R$ 41,40","SP "
097 - CLARGO - Campo Largo,83.601-030,Campo Largo,56.642.960/0101-72,279055,"Rua: XV de Novembro, 2177 - Centro",(041) 3292-3763,90.218.363-94,,97,,,PR
121 - TERESO - Teresópolis,25.953-233,Teresópolis,56.642.960/0121-16,133695,"Av.: Delfim Moreira, 175 – Várzea",(021) 2643-4717,77.396.144,,121,,,RJ
109 - VALENÇ - Valença,27.600-000,Valença,56.642.960/0110-63,133698,"Av.: Dr. Nilo Peçanha,118 - Centro",(024) 2453-6220,86.481.022,,109,,,RJ
052 - CATAND - Catanduva,15.800-080,Catanduva,56.642.960/0055-00,87774,"Rua: Pernambuco, 266 - Centro",(017) 3522-0755,260.064.470.114,470,52,CATANDUVA (https://www.notion.so/c66f67df67934ff4b8951e32aa1ca450?pvs=21),"R$ 96,70","SP "
203 - LOUVEI - Louveira,13.290-000,Louveira,56.642.960/0203-05,214290,"Av. Ricieri Chiquetto, 84 – Santo Antonio ",C,421.020.069.113,,203,,,"SP "
095 - CUBATA - Cubatão,11.510-001,Cubatão,56.642.960/0098-32,20694,"Av.: 9 de Abril, 2050 - Centro",(013) 3372-5180,283.101.265.113,,95,,,"SP "
087 - SLOURE - S. Lourenço,37.470-000,S. Lourenço,56.642.960/0090-85,88549,"Rua: Dr. Olavo Gomes Pinto, 50 - Centro",(035) 3331-2774,637.649.701.0686,,87,,,MG
167 - SRITSA - Sta. Rita do Sapucaí,37.540-000,Sta. Rita do Sapucaí,56.642.960/0169-60,135717,"Rua Silvestre Ferraz, 161 - Centro",(035) 3471-5166,525.649.701.1474,480,167,SANTA RITA DO SAPUCAI (https://www.notion.so/2be09ccc51764755962963bb9ac9b55e?pvs=21),"R$ 114,00",MG
086 - IBIÚNA - Ibiúna,18.150-000,Ibiúna,56.642.960/0089-41,88050,"Rua: Capitão Cardoso de Mello, 135 - Centro",(015) 3241-2787,345.024.694.114,,86,,,"SP "
299 - MARICA - Marica,24.936-530,Marica,56.642.960/0302-89,772555,"Av. Zumbi dos Palmares,112 - Barroco (Itaipuaçu)",,12.581.882,,299,,,RJ
228 - SVICON - São Vicente,11.347-000,São Vicente,56.642.960/0230-70,333520,"Av. Deputado Ulisses Guimarães, 1524 – Jd. Rio Branco",(013) 3566-0978,657.308.621.115,,228,,,"SP "
105 - SSEBAS - São Sebastião,11.608-530,São Sebastião,56.642.960/0106-87,87298,"Av.: Guarda Mor Lobo Viana, 305 - Centro",(012) 3892-2611,654.093.606.116,686,105,SÃO SEBASTIÃO (https://www.notion.so/e9700f0640b34fdf8a7a51f95b45e92a?pvs=21),"R$ 152,80","SP "
100 - SJRPRE - São José Rio Preto,15.015-400,São José Rio Preto,56.642.960/0100-91,135707,"Rua: General Glicério, 2718 - Centro",(017) 3235-9000,647.376.146.111,550,100,SÃO JOSE RIO PRETO CT (https://www.notion.so/15453ff80379426faef0ca108b951284?pvs=21),"R$ 131,00","SP "
306 - GUAPMI - GUAPIMIRIM,25.946-241,GUAPIMIRIM,56.642.960/0309-55,,"Rua Pulcherio Lopes, 15  Centro",,14.051.791,,306,,,RJ
080 - PAULÍN - Paulínia,13.140-080,Paulínia,56.642.960/0082-75,120985,"Av.: José Paulino, 975 – Jd. dos Calegaris ",(019) 3874-4584,513.037.914.112,130,80,PAULINIA (https://www.notion.so/8a569b4cfb35442fa1838a098069fb32?pvs=21),"R$ 38,30","SP "
050 - CAPBON - Capão Bonito,18.300-250,Capão Bonito,56.642.960/0053-30,108905,"Rua: Floriano Peixoto, 905 - Centro",(015) 3542-2301,251.025.768.110,,50,,,"SP "
284 - RGSERR - Rio Grande da Serra,09.450-000,Rio Grande da Serra,56.642.960/0285-43,773520,"Avenida Dom Pedro I, 302 - Centro",(011)4826-8357,589.040.571.117,520,284,RIO GRANDE SERRA (https://www.notion.so/23f8b49a86d74b478ff360dd0b1e855f?pvs=21),"R$ 87,40","SP "
173 - APARNO - Aparecida,12.570-000,Aparecida,56.642.960/0174-28,88533,"Rua Barão do Rio Branco, 543 - Centro",(012) 3108-1506,174.153.682.117,,173,,,"SP "
266 - MANDRI - Mandaguari,86.975-000,Mandaguari,56.642.960/0265-08,665072,"Av. Amazonas, 1126 – Centro",(044) 3133-0003,90.796.316-01,,266,,,PR
214 - ITATIA - Itatiaia,27.580-000,Itatiaia,56.642.960/0216-11	,238527,"Rua Prefeito Assumpção, 307 – Centro",(024) 3352-6356,86.544.920,,214,,,RJ
192 - SORIVU - Sorocaba,18.075-042,Sorocaba,56.642.960/0193-90,661119,"Av. Itavuvu, 409 – Vila Olímpia",(015) 3233-6902,669.415.047.110,,192,,,"SP "
006 - AMERIC - Americana,13.465-490,Americana,56.642.960/0009-67,94011,"Rua: 12 de Novembro, 295 - Centro",(019) 3461-3122,165.055.770.112,,6,,,"SP "
193 - IGTIET - Igaraçu do Tietê,17.350-000,Igaraçu do Tietê,56.642.960/0194-71,167303,"Rua Pereira Rezende, 757 – Centro",(014) 3644-4612,348.012.711.110,,193,,,"SP "
"281 - TIETE - Tietê ",18.530-000,"Tietê ",56.642.960/0282-09,690852,"Rua Lara Campos, 382 - Centro",(015)3282-8889,692.070.530.118,260,281,TIETÊ (https://www.notion.so/f6f787f390974101b9982e30d852008e?pvs=21),"R$ 41,40","SP "
171 - SALPIR - Salto de Pirapora,18.160-000,Salto de Pirapora,56.642.960/0173-47,135722,"Pça. Elpídio Marcello, 300 - Centro",(015) 3292-4064,602.074.284.118,332,171,SALTO PIRAPORA (https://www.notion.so/57a406f4058849c89b3698e5586e16cf?pvs=21),"R$ 53,60","SP "
041 - FRANCA - Franca,14.400-690,Franca,56.642.960/0044-40,123567,"Rua: Major Claudiano, 2140 - Centro",(016) 3724-2206,310.165.548.113,500,41,FRANCA (https://www.notion.so/9c0a68832f8c49af9800e9c8b9c55814?pvs=21),"R$ 123,50","SP "
256 - IGARAP - Igarapava,14.540-000,Igarapava,56.642.960/0257-90,719764,"Praça Rui Barbosa, 131 – Centro",(016) 3172-1107,349.040.719.117,590,256,IGARAPAVA (https://www.notion.so/010aace9b8074e9e966abfc70d104e8a?pvs=21),"R$ 137,40","SP "
108 - PRINHO - Curitiba,81.150-050,Curitiba,56.642.960/0109-20,274405,"Av.: Winston Churchill,2415 - Pinheirinho",(041) 3248-8405,90.240.028.18,,108,,,PR
089 - TATUÍ - Tatuí,18.270-001,Tatuí,56.642.960/0092-47,20686,"Rua: 11 de agosto, 300 - Centro",(015) 3251-9207,687.067.561.116,,89,,,"SP "
204 - OURIN - Ourinhos,19.900-070,Ourinhos,56.642.960/0206-40,257111,"Av. 9 de Julho, 76 – Centro",(014) 3322-1911,495.100.093.118,,204,,,"SP "
140 - PRAGRA - Praia Grande,11.701-000,Praia Grande,56.642.960/0138-64,20664,"Av. Presidente Costa e Silva, 395 - Boqueirão",(013) 3473-9800,558.187.872.114,,140,,,"SP "
273 - MARIAL - Marialva,86.990-000,Marialva,56.642.960/0274-90,749448,"Av. Cristovão Colombo, 1323 – Centro",(044) 3232-7423,90.824.115-07,,273,,,PR
139 - PARGUA - Paranaguá,83.203-260,Paranaguá,56.642.960/0142-40,206207,"Travessa Correia de Freitas, 89 - Centro",(041) 3424-8697,90.318.661-51,,139,,,PR
035 - ITAJUB - Itajubá,37.500-000,Itajubá,56.642.960/0038-00,88547,"Rua: Dr. Pereira Cabral, 268 - Centro",(035) 3622-0546,324.649.701.0171,561,35,ITAJUBA (https://www.notion.so/36665505b6bc4b1f8376b586727246d7?pvs=21),"R$ 114,00",MG
044 - MGMIRI - Mogi Mirim,13.800-140,Mogi Mirim,56.642.960/0047-92,89304,"Rua: Conde de Parnaíba, 400 - Centro",(019) 3806-2986,456.044.976.117,,44,,,"SP "
070 - EMBU - Embu das Artes,06.803-440,Embu das Artes,56.642.960/0073-84,133638,"Rua: Belo Horizonte, 134 - Centro",(011) 4781-1374,298.053.207.111,,70,,,"SP "
122 - JAU - Jaú,17.201-440,Jaú,56.642.960/0123-88,133656,"Rua: Edgard Ferraz, 527 - Centro",(014) 3626-2550,401.162.718.111,256,122,JÁU  (https://www.notion.so/d59797f835154df78503546cfe51c1a6?pvs=21),"R$ 58,00","SP "
145 - GUAXUP - Guaxupé,37.800-000,Guaxupé,56.642.960/0147-55,130003,"Av. Conde Ribeiro do Valle, 400 - Centro",(035) 3551-5955,287.649.701.1293,,145,,,MG
093 - SJPIN - S. José Pinhais,83.005-000,S. José Pinhais,56.642.960/0097-51,245910,"Rua: XV de Novembro, 1932 - Centro",(041) 3383-0462,90.213.113-21,,93,,,PR
007 - RIOCLA - Rio Claro,13.500-380,Rio Claro,56.642.960/0010-09,88540,"Av.: 5, 408 - Centro",(019) 3524-2399,587.048.672.119,,7,,,"SP "
112 - ARUJÁ - Arujá,07.400-610,Arujá,56.642.960/0112-25,88538,"Av.: João Manoel, 220 - Centro",(011) 4655-2780,188.079.452.115,,112,,,"SP "
136 - ANOGUE - Artur Nogueira,13.160-000,Artur Nogueira,56.642.960/0140-89,133582,"Rua 7 de Setembro, 1500 - Centro",(019) 3827-1667,187.082.566.113,,136,,,"SP "
226 - ITUVER - Ituverava,14.500-000,Ituverava,56.642.960/0227-74,404350,"Av. Dr. José Anibal Soares de Oliveira, 561 – Centro",(016) 3729-6866,389.046.499.112,,226,,,"SP "
187 - BATAT - Batatais,14.300-093,Batatais,56.642.960/0183-19,133605,"Rua Santos Dumont, 64 – Centro",(016) 3662-5658,208.121.787.112,,187,,,"SP "
158 - MONTAL - Monte Alto,15.910-000,Monte Alto,56.642.960/0160-22,109764,"Rua Nhonhô do Livramento, 1954 - Centro",(016) 3242-8438,461.101.291.116,,158,,,"SP "
152 - SPCTIR - São Paulo,08.490-490,São Paulo,56.642.960/0152-12,88528,"Av. Souza Ramos, 245 - Guaianazes",(011) 6285-2644,117.119.512.115,520,152,TIRADENTES (https://www.notion.so/fe898f57e63b418482ed9a73ae3fa2c4?pvs=21),"R$ 87,40","SP "
130 - PERUIB - Peruíbe,11.750-000,Peruíbe,56.642.960/0132-79,20692,"Av.: Domingos da Costa Grimaldi, 41 - Centro",(013) 3453 - 5294,524.093.519.118,700,130,PERUIBE (https://www.notion.so/c4fe3e52571b4c49bf19c6894840fb62?pvs=21),"R$ 132,40","SP "
218 - SERANA - Serrana,14.150-000,Serrana,56.642.960/0220-06,328131,"Rua Nossa Senhora das Dores, 402 – Centro",(016) 3489-3256,663.034.798.115,340,218,SERRANA (https://www.notion.so/afe9756a45fe402fbe6e4e108e5f3f16?pvs=21),"R$ 80,60","SP "
020 - SUZANO - Suzano,08.674-040,Suzano,56.642.960/0024-04,20679,"Praça João Pessoa, 181 - Centro",(011) 4748-2482,672.039.292.110,,20,,,"SP "
251 - MARINO - Marília,17.522-363,Marília,56.642.960/0252-85,513991,"Av. João Ramalho, 1910 – Núcleo Habitac. Nova Marília",(014) 3451-8408,438.406.434.115,,251,,,"SP "
298 - RANCHA - Rancharia,19.600-000,Rancharia,56.642.960/0305-21,,"Avenida Pedro de Toledo,325 - Centro",,570.098.050.110,,298,,,"SP "
023 - JACAR - Jacareí,12.327-005,Jacareí,56.642.960/0026-68,94007,"Rua: Alfredo Schurig, 34 - Centro",(012) 3951-0212,392.045.338.118,,23,,,"SP "
234 - PGRORA - Ponta Grossa,84.062-112,Ponta Grossa,56.642.960/0236-65,406778,"Rua Nicolau Kluppel Neto, 517 – Chapada",(042) 3236-3668,90.710.140-18,,234,,,PR
061 - VARZEP - Várzea Paulista,13.220-445,Várzea Paulista,56.642.960/0064-93,88055,"Rua: Antônio Luiz Sutti, 255 – Jd. Maria de Fátima",(011) 4595-8396,712.030.990.116,,61,,,"SP "
209 - PONTAL - Pontal,14.180-000,Pontal,56.642.960/0208-01,213466,"Rua Ananias Costa Freitas, 414 – Centro",(016) 3953-7078,550.023.904.115,,209,,,"SP "
000 - SALTO - Salto,13.320-000,Salto,56.642.960/0002-90,1513,"Rua: 9 de Julho, 400 - Centro",(011) 4029-4624,600.003.895.113,210,0,"SALTO CT (https://www.notion.so/0964a39e3f2c4cb9b1bd94208ef8d31e?pvs=21), Modelo Geral (https://www.notion.so/2d068adf5b8e80deba95f335fe849c8c?pvs=21)","R$ 45,00","SP "
286 - INDARI - Indaiatuba,13.348-500,Indaiatuba,56.642.960/0286-24,722667,"Avenida Ário Barnabé, 1441 - Jardim Morada do Sol",(019)3935-4005,353.443.460.110,,286,,,"SP "
018 - ARARAQ - Araraquara,14.801-295,Araraquara,56.642.960/0021-53,94001,"Rua: 9 de Julho, 443 - Centro",(016)  3322-1333,181.052.949.110,,18,,,"SP "
"283 - TAQTIN - Taquaritinga ",15.900-015,"Taquaritinga ",56.642.960/0283-81,,"Rua Visconde do Rio Branco, 600 - Centro",(016)3252-6229,684.135.097.110,,283,,,"SP "
116 - BELROX - Belford Roxo,26.130-000,Belford Roxo,56.642.960/0117-30,113511,"Av.: Benjamin Pinto Dias, 1465 - Centro",(021) 3775-8139,77.357.688,,116,,,RJ
301 - ALMEJAR - Americana,13.466-550,Americana,56.642.960/0303-60,,"Avenida de Cilo,1579 - Cidade Jardim I",,165.628.088.114,,301,,,"SP "
181 - VARGPA - Vargem Gde Paulista,06.730-000,Vargem Gde Paulista,56.642.960/0180-76,166330,"Av. Presidente Tancredo Neves,556 - Centro",(011) 4159-4917,720.074.238.118,,181,,,"SP "
040 - LENCOP - Lençóis Paulista,18.680-100,Lençóis Paulista,56.642.960/0043-69,20680,"Rua: Dr. Antônio Tedesco, 280 - Centro",(014) 3263-1452,416.026.666.117,,40,,,"SP "
019 - SCAET - São Caetano Sul,09.510-100,São Caetano Sul,56.642.960/0022-34,89300,"Rua: Manoel Coelho, 382 - Centro",(011) 4221-7750,636.088.367.110,,19,,,"SP "
138 - PFELIZ - Porto Feliz,18.540-000,Porto Feliz,56.642.960/0141-60,87810,"Rua Altino Arantes, 130 - Centro",(015) 3261-4486,554.091.807.115,200,138,PORTO FELIZ (https://www.notion.so/58585c96b40a4d41a258da1d732d6319?pvs=21),"R$ 36,00","SP "
201 - HORTAM - Hortolândia,13.188-172,Hortolândia,56.642.960/0202-16,192048,"R: Pedro Vilas Boas, 870 – Jd. Amanda II",(019) 3819-2758,748.067.937.110,170,201,HORTOLANDIA JD AMANADA (https://www.notion.so/b316a76f58b04b81ab743cf16592ef8a?pvs=21),"R$ 38,20","SP "
297 - 2ª Araraq - Araraquara,14.810-216,Araraquara,56.642.960/0299-49,,"Avenida Pedro Jacob Celli, 528 Jd. Floridiana",,181.548.712.112,220,297,ARARAQUARA BR (https://www.notion.so/03dc79e7dea04bb3b646cfd09ad11ed4?pvs=21),"R$ 32,80","SP "
244 - MGCCES - Mogi das Cruzes,08.810-020,Mogi das Cruzes,56.642.960/0246-37,423787,"Av. Ricieri José Marcatto, 1105 – Vila Suissa",(011) 4761-6766,454.512.731.118,,244,,,"SP "
075 - FROCHA - Franco da Rocha,07.803-010,Franco da Rocha,56.642.960/0078-99,88054,"Av.: dos Expedicionários, 164 - Centro",(011) 4449-4032,312.025.975.119,,75,,,"SP "
026 - SBCAMP - S. Bernardo Campo,09.710-011,S. Bernardo Campo,56.642.960/0029-00,121545,"Rua: Marechal Deodoro, 713 - Centro",(011) 4122-2710,635.174.000.117,,26,,,"SP "
207 - CLACER - Rio Claro,13.505-430,Rio Claro,56.642.960/0209-92,263096,"Rua 6, 199 – Jd. Chervesson",(019) 3524-4721,587.175.266.118,,207,,,"SP "
164 - OUROFI - Ouro Fino,37.570-000,Ouro Fino,56.642.960/0165-37,88037,"Rua Major Sebastião Pires, 197 - Centro",(035) 3441-5613,525.649.701.1393,,164,,,MG
268 - PITANG - Pitangueiras,14.750-000,Pitangueiras,56.642.960/0272-29,641007,"Rua Amazonas, 53 – Centro"," (016) 3952-0937",543.042.697.114,,268,,,"SP "
030 - GUARAT - Guaratinguetá,12.500-210,Guaratinguetá,56.642.960/0034-78,88030,"Rua: Marechal Deodoro, 166 - Centro",(012) 3132-1274,332.043.890.110,,30,,,"SP "
012 - OSASCO - Osasco,06.013-000,Osasco,56.642.960/0014-24,88541,"Rua: Antônio Agú, 749 - Centro",(011) 3682-1640,492.129.133.110,,12,,,"SP "
081 - FMORAT - Francisco Morato,07.902-000,Francisco Morato,56.642.960/0084-37,126237,"Rua: Demerson Gomes Romano, 42 - Centro",(011) 4488-3651,311.026.203.119,,81,,,"SP "
022 - PIRASU - Pirassununga,13.630-010,Pirassununga,56.642.960/0025-87,88524,"Rua: José Bonifácio, 425 - Centro",(019) 3561-2910,536.019.930.116,,22,,,"SP "
051 - LORENA - Lorena,12.600-230,Lorena,56.642.960/0054-11,87748,"Rua: Barão de Bocaina, 95 - Centro",(012) 3153-2911,420.048.768.114,,51,,,"SP "
124 - MTEMOR - Monte Mor,13.190-000,Monte Mor,56.642.960/0125-40,20688,"Av.: Jânio Quadros, 45 - Centro",(019) 3889-2292,465.067.804.119,,124,,,"SP "
293 - ATICAE - Atibaia,12.951-750,Atibaia,56.642.960/0295-15,744562,"Avenida Professor Flavio Pires de Camargo, 819 - Caetetuba",(011) 4411-9040,190.365.218.119,,293,,,"SP "
186 - CAJATI - Cajati,11.950-000,Cajati,56.642.960/0189-04,133631,"Rua Fernando Costa, 415 – Centro",(013) 3851-4660,740.008.773.113,770,186,CAJATI (https://www.notion.so/e6a8650d559947d8882b5d8f343c885c?pvs=21),"R$ 125,40","SP "
102 - PGROSS - Ponta Grossa,84.010-710,Ponta Grossa,56.642.960/0103-34,326641,"Pça. Barão do Rio Branco, 41 - Centro",(042) 3225-6079,90.228.037.59,,102,,,PR
270 - SMIGAR - São Miguel Arcanjo,18.230-000,São Miguel Arcanjo,56.642.960/0270-67,,"Rua Dante Carraro, 666 – Centro"," (015) 3379-9188",650.062.539.110,,270,,,"SP "
092 - SSPARA - S. Sebast. Paraíso,37.950-000,S. Sebast. Paraíso,56.642.960/0096-70,130007,"Praça Com. José Honório, 47 - Centro",(035) 3531-5909,647.649.701.0820,,92,,,MG
199 - PINHAI - Pinhais,83.321-000,Pinhais,56.642.960/0199-86,231552,"Avenida Iraí, 493 – Weissópolis",(041) 3668-5168,90.597.686-94,,199,,,PR
224 - SORLIM - Sorocaba,18.048-110,Sorocaba,56.642.960/0226-93,307771,"Av. Prof. Izoraida Marques Peres, 183 – Parque Campolim",(015) 3233-7650,669.872.076.117,,224,,,"SP "
242 - JUNDCE - Jundiaí,13.201-012,Jundiaí,56.642.960/0245-56,402027,"Rua Barão de Jundiaí, 923 – Centro",(011) 4521-4198,407.577.557.111,,242,,,"SP "
205 - RIOPED - Rio das Pedras,13.390-000,Rio das Pedras,56.642.960/0205-69,282123,"Rua Prudente de Moraes, 17 – Centro",(019) 3493-5097,588.019.203.112,,205,,,"SP "
110 - SGONÇA - São Gonçalo,24.440-440,São Gonçalo,56.642.960/0111-44,133056,"Rua: Dr. Feliciano Sodré,61 - Centro",(021) 3706-2030,77.224.254,,110,,,RJ
046 - BEBED - Bebedouro,14.700-020,Bebedouro,56.642.960/0049-54,166509,"Rua: Cel. João Manoel, 523 - Centro",(017) 3342-3644,210.039.611.112,,46,,,"SP "
238 - BERTIO - Bertioga,11.250-360,Bertioga,56.642.960/0240-41,436692,"Av. Anchieta, 2138 – Centro",(013) 3317-1677,738.046.592.115,570,238,BERTIOGA (https://www.notion.so/e77a9eaf739444d58a00c5b77647c60f?pvs=21),"R$ 97,80","SP "
272 - JARIVA - Jaguariaíva,84200-000,Jaguariaíva,56.642.960/0273-00,641006,"Av. Antonio Cunha, 170 – Centro"," (043) 3535-1084",90.815.681-19,,272,,,PR
142 - ARAUCA - Araucária,83.702-470,Araucária,56.642.960/0143-21,272934,"Rua Pres. Carlos Cavalcanti, 165 - Centro",(041) 552-3584,90.321.560-77,,142,,,PR
003 - SROQUE - São Roque,18.130-470,São Roque,56.642.960/0005-33,20695,"Av.: Tiradentes, 399 - Centro",(011) 4712-2459,653.011.011.110,320,3,SÃO ROQUE (https://www.notion.so/28d9eebc527e45ec9411d46f3ef25f16?pvs=21),"R$ 60,20","SP "
157 - MATAO - Matão,15.990-020,Matão,56.642.960/0158-08,103286,"Rua João Pessoa, 1085 - Centro",(016) 3394-3741,441.108.894.110,270,157,MATÃO  (https://www.notion.so/92994de0917b4f37921bab07b24480f1?pvs=21),"R$ 72,60","SP "
249 - ANGATU - Angatuba,18.240-000,Angatuba,56.642.960/0251-02,546233,"Rua Tenente José Marcos de Albuquerque, 190 – Centro",(015) 3355-0227,171.036.230.114,,249,,,"SP "
162 - PEDREI - Pedreira,13.920-000,Pedreira,56.642.960/0164-56,87293,"Rua XV de Novembro, 756 - Centro",(019) 3893-1440,519.101.855.111,,162,,,"SP "
239 - PROMIS - Promissão,16.370-000,Promissão,56.642.960/0241-22,471447,"Rua Olivio Pereira Ramos, 125 – Centro",(014) 3541-2656,564.043.771.118,620,239,PROMISSÃO (https://www.notion.so/51b942df7cc0404c923a3bece8b39c70?pvs=21),"R$ 131,20","SP "
094 - SJBVIS - São J.  Boa Vista,13.870-080,São J.  Boa Vista,56.642.960/0095-90,125937,"Rua: Ademar de Barros, 133 - Centro",(019) 3631-8080,639.228.044.113,,94,,,"SP "
,13.600-030,Araras,56.642.960/0015-05,109768,"Rua: Cesário Coimbra, 15 – Centro",(019) 3541-4837,182.026.659.111,84,13,ARARAS (https://www.notion.so/b9486ef3705f4b14859dc3ee952de0ec?pvs=21),"R$ 8,80","SP "
159 - JARDIN - Jardinópolis,14.680-000,Jardinópolis,56.642.960/0159-99,94013,"Praça N. Srª Aparecida, 80 - Centro",(016) 3663-6800,399.082.070.114,370,159,JARDINOPOLIS (https://www.notion.so/24e826fa0b054d5cbbf3cad26ef70e8d?pvs=21),"R$ 80,62","SP "
025 - TAUBAT - Taubaté,12.080-250,Taubaté,56.642.960/0027-49,87754,"Rua: Marquês do Herval, 601 - Centro",(012) 3632-0308,688.073.087.110,,25,,,"SP "
111 - SISABEL - Santa Isabel,07.500-000,Santa Isabel,56.642.960/0113-06,88597,"Av.: República, 383 - Centro",(011) 4656-7215,616.077.981.112,,111,,,"SP "
079 - SANPAR - Santana Parnaíba,06.502-150,Santana Parnaíba,56.642.960/0080-03,20691,"Rua: 13 de Maio, 13 - Centro",(011) 4154-1684,623.020.731.112,,79,,,"SP "
213 - IPERO - Iperó,18.560-000,Iperó,56.642.960/0215-30,342969,"Av.: Dr. José Marques Penteado, 218 – Centro",(015) 3266-2407,358.015.012.116,,213,,,"SP "
115 - BAURU - Bauru,17.010-011,Bauru,56.642.960/0116-59,133603,"Rua: Primeiro de Agosto, 556 - Centro",(014) 3212-3399,209.325.846.117,,115,,,"SP "
263 - HORTRO - Hortolândia,13.185-230,Hortolândia,56.642.960/0266-80,610608,"Rua Antônio Fernandes Leite, 185 – Jardim Santa Izabel"," (019) 3845-7748",748.277.133.116,,263,,,"SP "
174 - SJBARR - São Joaquim da Barra,14.600-000,São Joaquim da Barra,56.642.960/0176-90,123627,"Rua São Paulo, 1.270 - Centro",(016) 3811-2100,642.101.868.111,,174,,,"SP "
229 - MIRASS - Mirassol,15.130-065,Mirassol,56.642.960/0231-50,463970,"Praça Dr. Anísio José Moreira, 20-69 – Centro",(017) 3242-8779,451.067.579.114,,229,,,"SP "
143 - CABJAC - Cabreúva,13.318-000,Cabreúva,56.642.960/0145-93,133611,"Av. São Paulo, 626 - Jacaré",(011) 4529-6133,233.076.300.119,,143,,,"SP "
156 - ITUPVA - Itupeva,13.295-000,Itupeva,56.642.960/0157-27,118357,"Rua Jundiaí, 70 - Centro",(011) 4496-5213,388.076.650.115,260,156,ITUPEVA (https://www.notion.so/eceffdf1915342cca8fced47559d2555?pvs=21),"R$ 62,60","SP "
085 - RIBPRE - Ribeirão Preto,14.015-040,Ribeirão Preto,56.642.960/0088-60,135661,"Rua: São Sebastião, 175 - Centro",(016) 3610-9700,582.480.229.115,330,85,RIBEIRÃO PRETO CT (https://www.notion.so/cb553dc6bd9d4c7d97a569175d28ace3?pvs=21),"R$ 80,62","SP "
010 - STABAR - Sta. Bárb. D'Oeste,13.450-026,Sta. Bárb. D'Oeste,56.642.960/0012-62,94777,"Rua: General Osório, 518 - Centro",(019) 3455-1777,606.023.860.110,,10,,,"SP "
047 - BARRET - Barretos,14.780-660,Barretos,56.642.960/0050-98,89225,"Rua: 20, 762 – Primavera",(017) 3322-1033,204.072.675.113,500,47,BARRETOS (https://www.notion.so/a06186e306324788a29e496415de1e57?pvs=21),"R$ 131,60","SP "
175 - NHORIZ - Novo Horizonte,14.960-000,Novo Horizonte,56.642.960/0175-09,122743,"Rua Trajano Machado, 653 - Centro",(017) 3542-3599,483.107.274.118,468,175,NOVO HORIZONTE (https://www.notion.so/3a5f095cfd2f4f07bb5a2587f42b985e?pvs=21),"R$ 89,60","SP "
170 - INDSOL - Indaiatuba,13.345-360,Indaiatuba,56.642.960/0172-66,88534,"Av. Francisco de Paula Leite, 1.144 - Santa Cruz",(019) 3875-8796,353.253.884.116,,170,,,"SP "
134 - CAIEIR - Caieiras,07.700-170,Caieiras,56.642.960/0135-11,89223,"Av. 14 de Dezembro, 21 – Região Central",(011) 4442-1515,239.077.780.118,,134,,,"SP "
028 - GUARUL - Guarulhos,07.011-010,Guarulhos,56.642.960/0031-25,123562,"Rua: Capitão Gabriel, 148 - Centro",C,336.241.029.117,380,28,GUARULHOS (https://www.notion.so/113803739c464286a83a7f0c70fa242a?pvs=21),"R$ 87,40","SP "
088 - BPIRAÍ - Barra do Piraí,27.123-040,Barra do Piraí,56.642.960/0091-66,133602,"Trav.: Carmine Martuscello, 30 - Centro",(024) 2443-2627,76.020.604,,88,,,RJ
289 - LIMJOA - Limeira,13.480-743,Limeira,56.642.960/0291-91,783992,"Aenida Piracicaba, 731 - Vila Sao Joao",(019) 3443-3139,417.662.185.117,80,289,LIMEIRA BR (https://www.notion.so/cf1a726382514c0cb092f0b7e80ff127?pvs=21),"R$ 16,40","SP "
